"letter","state","sweep","no_of_APs","AP_frequency","current_injection","cell","sex","X","Y","age","animal","synapses","treatment","category","r_a"
"AO","Baseline",1,0,0,-50,"17.1.1","Male",NA,NA,39,17,"Glutamate","Control",2,"1.9, 1.9, 1.8, 1.9, 2.0, 3.0"
"AO","Baseline",2,0,0,-40,"17.1.1","Male",NA,NA,39,17,"Glutamate","Control",2,"1.9, 1.9, 1.8, 1.9, 2.0, 3.0"
"AO","Baseline",3,0,0,-30,"17.1.1","Male",NA,NA,39,17,"Glutamate","Control",2,"1.9, 1.9, 1.8, 1.9, 2.0, 3.0"
"AO","Baseline",4,0,0,-20,"17.1.1","Male",NA,NA,39,17,"Glutamate","Control",2,"1.9, 1.9, 1.8, 1.9, 2.0, 3.0"
"AO","Baseline",5,6,12,-10,"17.1.1","Male",NA,NA,39,17,"Glutamate","Control",2,"1.9, 1.9, 1.8, 1.9, 2.0, 3.0"
"AO","Baseline",6,7,14,0,"17.1.1","Male",NA,NA,39,17,"Glutamate","Control",2,"1.9, 1.9, 1.8, 1.9, 2.0, 3.0"
"AO","Baseline",7,7,14,10,"17.1.1","Male",NA,NA,39,17,"Glutamate","Control",2,"1.9, 1.9, 1.8, 1.9, 2.0, 3.0"
"AO","Baseline",8,8,16,20,"17.1.1","Male",NA,NA,39,17,"Glutamate","Control",2,"1.9, 1.9, 1.8, 1.9, 2.0, 3.0"
"AO","Baseline",9,9,18,30,"17.1.1","Male",NA,NA,39,17,"Glutamate","Control",2,"1.9, 1.9, 1.8, 1.9, 2.0, 3.0"
"AO","Baseline",10,10,20,40,"17.1.1","Male",NA,NA,39,17,"Glutamate","Control",2,"1.9, 1.9, 1.8, 1.9, 2.0, 3.0"
"AO","Insulin",1,0,0,-50,"17.1.1","Male",NA,NA,39,17,"Glutamate","Control",2,"1.9, 1.9, 1.8, 1.9, 2.0, 3.0"
"AO","Insulin",2,0,0,-40,"17.1.1","Male",NA,NA,39,17,"Glutamate","Control",2,"1.9, 1.9, 1.8, 1.9, 2.0, 3.0"
"AO","Insulin",3,0,0,-30,"17.1.1","Male",NA,NA,39,17,"Glutamate","Control",2,"1.9, 1.9, 1.8, 1.9, 2.0, 3.0"
"AO","Insulin",4,0,0,-20,"17.1.1","Male",NA,NA,39,17,"Glutamate","Control",2,"1.9, 1.9, 1.8, 1.9, 2.0, 3.0"
"AO","Insulin",5,0,0,-10,"17.1.1","Male",NA,NA,39,17,"Glutamate","Control",2,"1.9, 1.9, 1.8, 1.9, 2.0, 3.0"
"AO","Insulin",6,1,2,0,"17.1.1","Male",NA,NA,39,17,"Glutamate","Control",2,"1.9, 1.9, 1.8, 1.9, 2.0, 3.0"
"AO","Insulin",7,2,4,10,"17.1.1","Male",NA,NA,39,17,"Glutamate","Control",2,"1.9, 1.9, 1.8, 1.9, 2.0, 3.0"
"AO","Insulin",8,4,8,20,"17.1.1","Male",NA,NA,39,17,"Glutamate","Control",2,"1.9, 1.9, 1.8, 1.9, 2.0, 3.0"
"AO","Insulin",9,6,12,30,"17.1.1","Male",NA,NA,39,17,"Glutamate","Control",2,"1.9, 1.9, 1.8, 1.9, 2.0, 3.0"
"AO","Insulin",10,6,12,40,"17.1.1","Male",NA,NA,39,17,"Glutamate","Control",2,"1.9, 1.9, 1.8, 1.9, 2.0, 3.0"
"AZ","Baseline",1,0,0,-50,"21.1.1","Female",352.62,331.74,32,21,"Glutamate","Control",2,"2.5, 2.5, 2.6, 2.6, 2.9, 2.6, 2.6, 2.6, 2.7"
"AZ","Baseline",2,0,0,-40,"21.1.1","Female",352.62,331.74,32,21,"Glutamate","Control",2,"2.5, 2.5, 2.6, 2.6, 2.9, 2.6, 2.6, 2.6, 2.7"
"AZ","Baseline",3,0,0,-30,"21.1.1","Female",352.62,331.74,32,21,"Glutamate","Control",2,"2.5, 2.5, 2.6, 2.6, 2.9, 2.6, 2.6, 2.6, 2.7"
"AZ","Baseline",4,0,0,-20,"21.1.1","Female",352.62,331.74,32,21,"Glutamate","Control",2,"2.5, 2.5, 2.6, 2.6, 2.9, 2.6, 2.6, 2.6, 2.7"
"AZ","Baseline",5,2,4,-10,"21.1.1","Female",352.62,331.74,32,21,"Glutamate","Control",2,"2.5, 2.5, 2.6, 2.6, 2.9, 2.6, 2.6, 2.6, 2.7"
"AZ","Baseline",6,3,6,0,"21.1.1","Female",352.62,331.74,32,21,"Glutamate","Control",2,"2.5, 2.5, 2.6, 2.6, 2.9, 2.6, 2.6, 2.6, 2.7"
"AZ","Baseline",7,6,12,10,"21.1.1","Female",352.62,331.74,32,21,"Glutamate","Control",2,"2.5, 2.5, 2.6, 2.6, 2.9, 2.6, 2.6, 2.6, 2.7"
"AZ","Baseline",8,9,18,20,"21.1.1","Female",352.62,331.74,32,21,"Glutamate","Control",2,"2.5, 2.5, 2.6, 2.6, 2.9, 2.6, 2.6, 2.6, 2.7"
"AZ","Baseline",9,10,20,30,"21.1.1","Female",352.62,331.74,32,21,"Glutamate","Control",2,"2.5, 2.5, 2.6, 2.6, 2.9, 2.6, 2.6, 2.6, 2.7"
"AZ","Baseline",10,13,26,40,"21.1.1","Female",352.62,331.74,32,21,"Glutamate","Control",2,"2.5, 2.5, 2.6, 2.6, 2.9, 2.6, 2.6, 2.6, 2.7"
"AZ","Insulin",2,0,0,-40,"21.1.1","Female",352.62,331.74,32,21,"Glutamate","Control",2,"2.5, 2.5, 2.6, 2.6, 2.9, 2.6, 2.6, 2.6, 2.7"
"AZ","Insulin",3,0,0,-30,"21.1.1","Female",352.62,331.74,32,21,"Glutamate","Control",2,"2.5, 2.5, 2.6, 2.6, 2.9, 2.6, 2.6, 2.6, 2.7"
"AZ","Insulin",4,0,0,-20,"21.1.1","Female",352.62,331.74,32,21,"Glutamate","Control",2,"2.5, 2.5, 2.6, 2.6, 2.9, 2.6, 2.6, 2.6, 2.7"
"AZ","Insulin",5,0,0,-10,"21.1.1","Female",352.62,331.74,32,21,"Glutamate","Control",2,"2.5, 2.5, 2.6, 2.6, 2.9, 2.6, 2.6, 2.6, 2.7"
"AZ","Insulin",6,1,2,0,"21.1.1","Female",352.62,331.74,32,21,"Glutamate","Control",2,"2.5, 2.5, 2.6, 2.6, 2.9, 2.6, 2.6, 2.6, 2.7"
"AZ","Insulin",7,4,8,10,"21.1.1","Female",352.62,331.74,32,21,"Glutamate","Control",2,"2.5, 2.5, 2.6, 2.6, 2.9, 2.6, 2.6, 2.6, 2.7"
"AZ","Insulin",8,7,14,20,"21.1.1","Female",352.62,331.74,32,21,"Glutamate","Control",2,"2.5, 2.5, 2.6, 2.6, 2.9, 2.6, 2.6, 2.6, 2.7"
"AZ","Insulin",9,10,20,30,"21.1.1","Female",352.62,331.74,32,21,"Glutamate","Control",2,"2.5, 2.5, 2.6, 2.6, 2.9, 2.6, 2.6, 2.6, 2.7"
"AZ","Insulin",10,12,24,40,"21.1.1","Female",352.62,331.74,32,21,"Glutamate","Control",2,"2.5, 2.5, 2.6, 2.6, 2.9, 2.6, 2.6, 2.6, 2.7"
"AZ","Insulin",1,0,0,-50,"21.1.1","Female",352.62,331.74,32,21,"Glutamate","Control",2,"2.5, 2.5, 2.6, 2.6, 2.9, 2.6, 2.6, 2.6, 2.7"
"BN","Baseline",10,15,30,40,"25.1.2","Male",152.92,337.19,29,25,"Glutamate","Control",2,"1.6, 1.7, 1.7, 1.8, 1.9, 2.0"
"BN","Insulin",2,0,0,-40,"25.1.2","Male",152.92,337.19,29,25,"Glutamate","Control",2,"1.6, 1.7, 1.7, 1.8, 1.9, 2.0"
"BN","Insulin",3,0,0,-30,"25.1.2","Male",152.92,337.19,29,25,"Glutamate","Control",2,"1.6, 1.7, 1.7, 1.8, 1.9, 2.0"
"BN","Insulin",4,0,0,-20,"25.1.2","Male",152.92,337.19,29,25,"Glutamate","Control",2,"1.6, 1.7, 1.7, 1.8, 1.9, 2.0"
"BN","Insulin",1,0,0,-50,"25.1.2","Male",152.92,337.19,29,25,"Glutamate","Control",2,"1.6, 1.7, 1.7, 1.8, 1.9, 2.0"
"BN","Insulin",6,3,6,0,"25.1.2","Male",152.92,337.19,29,25,"Glutamate","Control",2,"1.6, 1.7, 1.7, 1.8, 1.9, 2.0"
"BN","Insulin",7,6,12,10,"25.1.2","Male",152.92,337.19,29,25,"Glutamate","Control",2,"1.6, 1.7, 1.7, 1.8, 1.9, 2.0"
"BN","Insulin",8,9,18,20,"25.1.2","Male",152.92,337.19,29,25,"Glutamate","Control",2,"1.6, 1.7, 1.7, 1.8, 1.9, 2.0"
"BN","Insulin",9,12,24,30,"25.1.2","Male",152.92,337.19,29,25,"Glutamate","Control",2,"1.6, 1.7, 1.7, 1.8, 1.9, 2.0"
"BN","Insulin",10,13,26,40,"25.1.2","Male",152.92,337.19,29,25,"Glutamate","Control",2,"1.6, 1.7, 1.7, 1.8, 1.9, 2.0"
"BN","Baseline",6,4,8,0,"25.1.2","Male",152.92,337.19,29,25,"Glutamate","Control",2,"1.6, 1.7, 1.7, 1.8, 1.9, 2.0"
"BN","Baseline",7,7,14,10,"25.1.2","Male",152.92,337.19,29,25,"Glutamate","Control",2,"1.6, 1.7, 1.7, 1.8, 1.9, 2.0"
"BN","Baseline",8,10,20,20,"25.1.2","Male",152.92,337.19,29,25,"Glutamate","Control",2,"1.6, 1.7, 1.7, 1.8, 1.9, 2.0"
"BN","Baseline",9,12,24,30,"25.1.2","Male",152.92,337.19,29,25,"Glutamate","Control",2,"1.6, 1.7, 1.7, 1.8, 1.9, 2.0"
"BN","Baseline",1,0,0,-50,"25.1.2","Male",152.92,337.19,29,25,"Glutamate","Control",2,"1.6, 1.7, 1.7, 1.8, 1.9, 2.0"
"BN","Baseline",2,0,0,-40,"25.1.2","Male",152.92,337.19,29,25,"Glutamate","Control",2,"1.6, 1.7, 1.7, 1.8, 1.9, 2.0"
"BN","Baseline",3,0,0,-30,"25.1.2","Male",152.92,337.19,29,25,"Glutamate","Control",2,"1.6, 1.7, 1.7, 1.8, 1.9, 2.0"
"BN","Insulin",5,0,0,-10,"25.1.2","Male",152.92,337.19,29,25,"Glutamate","Control",2,"1.6, 1.7, 1.7, 1.8, 1.9, 2.0"
"BN","Baseline",5,0,0,-10,"25.1.2","Male",152.92,337.19,29,25,"Glutamate","Control",2,"1.6, 1.7, 1.7, 1.8, 1.9, 2.0"
"BN","Baseline",4,0,0,-20,"25.1.2","Male",152.92,337.19,29,25,"Glutamate","Control",2,"1.6, 1.7, 1.7, 1.8, 1.9, 2.0"
"BO","Baseline",1,0,0,-50,"27.2.1","Male",NA,NA,32,27,"Glutamate","HNMPA",2,"1.7, 1.7, 1.7, 1.8, 1.7, 1.8"
"BO","Baseline",2,0,0,-40,"27.2.1","Male",NA,NA,32,27,"Glutamate","HNMPA",2,"1.7, 1.7, 1.7, 1.8, 1.7, 1.8"
"BO","Baseline",3,0,0,-30,"27.2.1","Male",NA,NA,32,27,"Glutamate","HNMPA",2,"1.7, 1.7, 1.7, 1.8, 1.7, 1.8"
"BO","Baseline",4,0,0,-20,"27.2.1","Male",NA,NA,32,27,"Glutamate","HNMPA",2,"1.7, 1.7, 1.7, 1.8, 1.7, 1.8"
"BO","Baseline",5,0,0,-10,"27.2.1","Male",NA,NA,32,27,"Glutamate","HNMPA",2,"1.7, 1.7, 1.7, 1.8, 1.7, 1.8"
"BO","Baseline",6,9,18,0,"27.2.1","Male",NA,NA,32,27,"Glutamate","HNMPA",2,"1.7, 1.7, 1.7, 1.8, 1.7, 1.8"
"BO","Baseline",7,5,10,10,"27.2.1","Male",NA,NA,32,27,"Glutamate","HNMPA",2,"1.7, 1.7, 1.7, 1.8, 1.7, 1.8"
"BO","Baseline",8,7,14,20,"27.2.1","Male",NA,NA,32,27,"Glutamate","HNMPA",2,"1.7, 1.7, 1.7, 1.8, 1.7, 1.8"
"BO","Baseline",9,7,14,30,"27.2.1","Male",NA,NA,32,27,"Glutamate","HNMPA",2,"1.7, 1.7, 1.7, 1.8, 1.7, 1.8"
"BO","Baseline",10,6,12,40,"27.2.1","Male",NA,NA,32,27,"Glutamate","HNMPA",2,"1.7, 1.7, 1.7, 1.8, 1.7, 1.8"
"BO","Insulin",1,0,0,-50,"27.2.1","Male",NA,NA,32,27,"Glutamate","HNMPA",2,"1.7, 1.7, 1.7, 1.8, 1.7, 1.8"
"BO","Insulin",2,0,0,-40,"27.2.1","Male",NA,NA,32,27,"Glutamate","HNMPA",2,"1.7, 1.7, 1.7, 1.8, 1.7, 1.8"
"BO","Insulin",3,0,0,-30,"27.2.1","Male",NA,NA,32,27,"Glutamate","HNMPA",2,"1.7, 1.7, 1.7, 1.8, 1.7, 1.8"
"BO","Insulin",4,0,0,-20,"27.2.1","Male",NA,NA,32,27,"Glutamate","HNMPA",2,"1.7, 1.7, 1.7, 1.8, 1.7, 1.8"
"BO","Insulin",5,0,0,-10,"27.2.1","Male",NA,NA,32,27,"Glutamate","HNMPA",2,"1.7, 1.7, 1.7, 1.8, 1.7, 1.8"
"BO","Insulin",6,0,0,0,"27.2.1","Male",NA,NA,32,27,"Glutamate","HNMPA",2,"1.7, 1.7, 1.7, 1.8, 1.7, 1.8"
"BO","Insulin",7,3,6,10,"27.2.1","Male",NA,NA,32,27,"Glutamate","HNMPA",2,"1.7, 1.7, 1.7, 1.8, 1.7, 1.8"
"BO","Insulin",8,4,8,20,"27.2.1","Male",NA,NA,32,27,"Glutamate","HNMPA",2,"1.7, 1.7, 1.7, 1.8, 1.7, 1.8"
"BO","Insulin",9,4,8,30,"27.2.1","Male",NA,NA,32,27,"Glutamate","HNMPA",2,"1.7, 1.7, 1.7, 1.8, 1.7, 1.8"
"BO","Insulin",10,4,8,40,"27.2.1","Male",NA,NA,32,27,"Glutamate","HNMPA",2,"1.7, 1.7, 1.7, 1.8, 1.7, 1.8"
"BT","Baseline",1,0,0,-50,"30.2.1","Male",387.19,586.98,37,30,"Glutamate","HNMPA",2,"1.4, 1.4, 1.4, 1.4, 1.4, 1.4, 1.8, 1.5, 1.5, 1.5"
"BT","Baseline",2,0,0,-40,"30.2.1","Male",387.19,586.98,37,30,"Glutamate","HNMPA",2,"1.4, 1.4, 1.4, 1.4, 1.4, 1.4, 1.8, 1.5, 1.5, 1.5"
"BT","Baseline",3,0,0,-30,"30.2.1","Male",387.19,586.98,37,30,"Glutamate","HNMPA",2,"1.4, 1.4, 1.4, 1.4, 1.4, 1.4, 1.8, 1.5, 1.5, 1.5"
"BT","Baseline",4,0,0,-20,"30.2.1","Male",387.19,586.98,37,30,"Glutamate","HNMPA",2,"1.4, 1.4, 1.4, 1.4, 1.4, 1.4, 1.8, 1.5, 1.5, 1.5"
"BT","Baseline",5,0,0,-10,"30.2.1","Male",387.19,586.98,37,30,"Glutamate","HNMPA",2,"1.4, 1.4, 1.4, 1.4, 1.4, 1.4, 1.8, 1.5, 1.5, 1.5"
"BT","Baseline",6,0,0,0,"30.2.1","Male",387.19,586.98,37,30,"Glutamate","HNMPA",2,"1.4, 1.4, 1.4, 1.4, 1.4, 1.4, 1.8, 1.5, 1.5, 1.5"
"BT","Baseline",7,0,0,10,"30.2.1","Male",387.19,586.98,37,30,"Glutamate","HNMPA",2,"1.4, 1.4, 1.4, 1.4, 1.4, 1.4, 1.8, 1.5, 1.5, 1.5"
"BT","Baseline",8,11,22,20,"30.2.1","Male",387.19,586.98,37,30,"Glutamate","HNMPA",2,"1.4, 1.4, 1.4, 1.4, 1.4, 1.4, 1.8, 1.5, 1.5, 1.5"
"BT","Baseline",9,13,26,30,"30.2.1","Male",387.19,586.98,37,30,"Glutamate","HNMPA",2,"1.4, 1.4, 1.4, 1.4, 1.4, 1.4, 1.8, 1.5, 1.5, 1.5"
"BT","Baseline",10,15,30,40,"30.2.1","Male",387.19,586.98,37,30,"Glutamate","HNMPA",2,"1.4, 1.4, 1.4, 1.4, 1.4, 1.4, 1.8, 1.5, 1.5, 1.5"
"BT","Insulin",1,0,0,-50,"30.2.1","Male",387.19,586.98,37,30,"Glutamate","HNMPA",2,"1.4, 1.4, 1.4, 1.4, 1.4, 1.4, 1.8, 1.5, 1.5, 1.5"
"BT","Insulin",2,0,0,-40,"30.2.1","Male",387.19,586.98,37,30,"Glutamate","HNMPA",2,"1.4, 1.4, 1.4, 1.4, 1.4, 1.4, 1.8, 1.5, 1.5, 1.5"
"BT","Insulin",3,0,0,-30,"30.2.1","Male",387.19,586.98,37,30,"Glutamate","HNMPA",2,"1.4, 1.4, 1.4, 1.4, 1.4, 1.4, 1.8, 1.5, 1.5, 1.5"
"BT","Insulin",4,0,0,-20,"30.2.1","Male",387.19,586.98,37,30,"Glutamate","HNMPA",2,"1.4, 1.4, 1.4, 1.4, 1.4, 1.4, 1.8, 1.5, 1.5, 1.5"
"BT","Insulin",5,0,0,-10,"30.2.1","Male",387.19,586.98,37,30,"Glutamate","HNMPA",2,"1.4, 1.4, 1.4, 1.4, 1.4, 1.4, 1.8, 1.5, 1.5, 1.5"
"BT","Insulin",6,0,0,0,"30.2.1","Male",387.19,586.98,37,30,"Glutamate","HNMPA",2,"1.4, 1.4, 1.4, 1.4, 1.4, 1.4, 1.8, 1.5, 1.5, 1.5"
"BT","Insulin",7,0,0,10,"30.2.1","Male",387.19,586.98,37,30,"Glutamate","HNMPA",2,"1.4, 1.4, 1.4, 1.4, 1.4, 1.4, 1.8, 1.5, 1.5, 1.5"
"BT","Insulin",8,1,2,20,"30.2.1","Male",387.19,586.98,37,30,"Glutamate","HNMPA",2,"1.4, 1.4, 1.4, 1.4, 1.4, 1.4, 1.8, 1.5, 1.5, 1.5"
"BT","Insulin",9,3,6,30,"30.2.1","Male",387.19,586.98,37,30,"Glutamate","HNMPA",2,"1.4, 1.4, 1.4, 1.4, 1.4, 1.4, 1.8, 1.5, 1.5, 1.5"
"BT","Insulin",10,4,8,40,"30.2.1","Male",387.19,586.98,37,30,"Glutamate","HNMPA",2,"1.4, 1.4, 1.4, 1.4, 1.4, 1.4, 1.8, 1.5, 1.5, 1.5"
"CG","Baseline",1,0,0,-50,"35.1.3","Female",164.18,366.52,36,35,"Glutamate","HNMPA",2,"2.0, 2.1, 2.1, 2.2, 2.2, 2.2"
"CG","Baseline",2,0,0,-40,"35.1.3","Female",164.18,366.52,36,35,"Glutamate","HNMPA",2,"2.0, 2.1, 2.1, 2.2, 2.2, 2.2"
"CG","Baseline",3,0,0,-30,"35.1.3","Female",164.18,366.52,36,35,"Glutamate","HNMPA",2,"2.0, 2.1, 2.1, 2.2, 2.2, 2.2"
"CG","Baseline",4,0,0,-20,"35.1.3","Female",164.18,366.52,36,35,"Glutamate","HNMPA",2,"2.0, 2.1, 2.1, 2.2, 2.2, 2.2"
"CG","Baseline",5,1,2,-10,"35.1.3","Female",164.18,366.52,36,35,"Glutamate","HNMPA",2,"2.0, 2.1, 2.1, 2.2, 2.2, 2.2"
"CG","Baseline",6,4,8,0,"35.1.3","Female",164.18,366.52,36,35,"Glutamate","HNMPA",2,"2.0, 2.1, 2.1, 2.2, 2.2, 2.2"
"CG","Baseline",7,7,14,10,"35.1.3","Female",164.18,366.52,36,35,"Glutamate","HNMPA",2,"2.0, 2.1, 2.1, 2.2, 2.2, 2.2"
"CG","Baseline",8,9,18,20,"35.1.3","Female",164.18,366.52,36,35,"Glutamate","HNMPA",2,"2.0, 2.1, 2.1, 2.2, 2.2, 2.2"
"CG","Baseline",9,11,22,30,"35.1.3","Female",164.18,366.52,36,35,"Glutamate","HNMPA",2,"2.0, 2.1, 2.1, 2.2, 2.2, 2.2"
"CG","Baseline",10,12,24,40,"35.1.3","Female",164.18,366.52,36,35,"Glutamate","HNMPA",2,"2.0, 2.1, 2.1, 2.2, 2.2, 2.2"
"CG","Insulin",1,0,0,-50,"35.1.3","Female",164.18,366.52,36,35,"Glutamate","HNMPA",2,"2.0, 2.1, 2.1, 2.2, 2.2, 2.2"
"CG","Insulin",2,0,0,-40,"35.1.3","Female",164.18,366.52,36,35,"Glutamate","HNMPA",2,"2.0, 2.1, 2.1, 2.2, 2.2, 2.2"
"CG","Insulin",3,0,0,-30,"35.1.3","Female",164.18,366.52,36,35,"Glutamate","HNMPA",2,"2.0, 2.1, 2.1, 2.2, 2.2, 2.2"
"CG","Insulin",4,0,0,-20,"35.1.3","Female",164.18,366.52,36,35,"Glutamate","HNMPA",2,"2.0, 2.1, 2.1, 2.2, 2.2, 2.2"
"CG","Insulin",5,1,2,-10,"35.1.3","Female",164.18,366.52,36,35,"Glutamate","HNMPA",2,"2.0, 2.1, 2.1, 2.2, 2.2, 2.2"
"CG","Insulin",6,4,8,0,"35.1.3","Female",164.18,366.52,36,35,"Glutamate","HNMPA",2,"2.0, 2.1, 2.1, 2.2, 2.2, 2.2"
"CG","Insulin",7,7,14,10,"35.1.3","Female",164.18,366.52,36,35,"Glutamate","HNMPA",2,"2.0, 2.1, 2.1, 2.2, 2.2, 2.2"
"CG","Insulin",8,10,20,20,"35.1.3","Female",164.18,366.52,36,35,"Glutamate","HNMPA",2,"2.0, 2.1, 2.1, 2.2, 2.2, 2.2"
"CG","Insulin",9,11,22,30,"35.1.3","Female",164.18,366.52,36,35,"Glutamate","HNMPA",2,"2.0, 2.1, 2.1, 2.2, 2.2, 2.2"
"CG","Insulin",10,13,26,40,"35.1.3","Female",164.18,366.52,36,35,"Glutamate","HNMPA",2,"2.0, 2.1, 2.1, 2.2, 2.2, 2.2"
"CZ","Baseline",1,0,0,-50,"41.2.2","Male",296.51,492.9,28,41,"Glutamate","HNMPA",2,"2.0, 2.0, 2.1, 2.2, 2.1, 2.1"
"CZ","Baseline",2,0,0,-40,"41.2.2","Male",296.51,492.9,28,41,"Glutamate","HNMPA",2,"2.0, 2.0, 2.1, 2.2, 2.1, 2.1"
"CZ","Baseline",3,0,0,-30,"41.2.2","Male",296.51,492.9,28,41,"Glutamate","HNMPA",2,"2.0, 2.0, 2.1, 2.2, 2.1, 2.1"
"CZ","Baseline",4,0,0,-20,"41.2.2","Male",296.51,492.9,28,41,"Glutamate","HNMPA",2,"2.0, 2.0, 2.1, 2.2, 2.1, 2.1"
"CZ","Baseline",5,4,8,-10,"41.2.2","Male",296.51,492.9,28,41,"Glutamate","HNMPA",2,"2.0, 2.0, 2.1, 2.2, 2.1, 2.1"
"CZ","Baseline",6,6,12,0,"41.2.2","Male",296.51,492.9,28,41,"Glutamate","HNMPA",2,"2.0, 2.0, 2.1, 2.2, 2.1, 2.1"
"CZ","Baseline",7,8,16,10,"41.2.2","Male",296.51,492.9,28,41,"Glutamate","HNMPA",2,"2.0, 2.0, 2.1, 2.2, 2.1, 2.1"
"CZ","Baseline",8,10,20,20,"41.2.2","Male",296.51,492.9,28,41,"Glutamate","HNMPA",2,"2.0, 2.0, 2.1, 2.2, 2.1, 2.1"
"CZ","Baseline",9,11,22,30,"41.2.2","Male",296.51,492.9,28,41,"Glutamate","HNMPA",2,"2.0, 2.0, 2.1, 2.2, 2.1, 2.1"
"CZ","Baseline",10,14,28,40,"41.2.2","Male",296.51,492.9,28,41,"Glutamate","HNMPA",2,"2.0, 2.0, 2.1, 2.2, 2.1, 2.1"
"CZ","Insulin",1,0,0,-50,"41.2.2","Male",296.51,492.9,28,41,"Glutamate","HNMPA",2,"2.0, 2.0, 2.1, 2.2, 2.1, 2.1"
"CZ","Insulin",2,0,0,-40,"41.2.2","Male",296.51,492.9,28,41,"Glutamate","HNMPA",2,"2.0, 2.0, 2.1, 2.2, 2.1, 2.1"
"CZ","Insulin",3,0,0,-30,"41.2.2","Male",296.51,492.9,28,41,"Glutamate","HNMPA",2,"2.0, 2.0, 2.1, 2.2, 2.1, 2.1"
"CZ","Insulin",4,0,0,-20,"41.2.2","Male",296.51,492.9,28,41,"Glutamate","HNMPA",2,"2.0, 2.0, 2.1, 2.2, 2.1, 2.1"
"CZ","Insulin",5,0,0,-10,"41.2.2","Male",296.51,492.9,28,41,"Glutamate","HNMPA",2,"2.0, 2.0, 2.1, 2.2, 2.1, 2.1"
"CZ","Insulin",6,0,0,0,"41.2.2","Male",296.51,492.9,28,41,"Glutamate","HNMPA",2,"2.0, 2.0, 2.1, 2.2, 2.1, 2.1"
"CZ","Insulin",7,0,0,10,"41.2.2","Male",296.51,492.9,28,41,"Glutamate","HNMPA",2,"2.0, 2.0, 2.1, 2.2, 2.1, 2.1"
"CZ","Insulin",8,1,2,20,"41.2.2","Male",296.51,492.9,28,41,"Glutamate","HNMPA",2,"2.0, 2.0, 2.1, 2.2, 2.1, 2.1"
"CZ","Insulin",9,1,2,30,"41.2.2","Male",296.51,492.9,28,41,"Glutamate","HNMPA",2,"2.0, 2.0, 2.1, 2.2, 2.1, 2.1"
"CZ","Insulin",10,3,6,40,"41.2.2","Male",296.51,492.9,28,41,"Glutamate","HNMPA",2,"2.0, 2.0, 2.1, 2.2, 2.1, 2.1"
"FT","Baseline",1,0,0,-50,"72.2.1","Female",153.33,337.18,39,72,"Glutamate","HNMPA",2,"1.5, 1.5, 1.6, 1.7, 1.9,, 2.0"
"FT","Baseline",2,0,0,-40,"72.2.1","Female",153.33,337.18,39,72,"Glutamate","HNMPA",2,"1.5, 1.5, 1.6, 1.7, 1.9,, 2.0"
"FT","Baseline",3,0,0,-30,"72.2.1","Female",153.33,337.18,39,72,"Glutamate","HNMPA",2,"1.5, 1.5, 1.6, 1.7, 1.9,, 2.0"
"FT","Baseline",4,0,0,-20,"72.2.1","Female",153.33,337.18,39,72,"Glutamate","HNMPA",2,"1.5, 1.5, 1.6, 1.7, 1.9,, 2.0"
"FT","Baseline",5,0,0,-10,"72.2.1","Female",153.33,337.18,39,72,"Glutamate","HNMPA",2,"1.5, 1.5, 1.6, 1.7, 1.9,, 2.0"
"FT","Baseline",6,0,0,0,"72.2.1","Female",153.33,337.18,39,72,"Glutamate","HNMPA",2,"1.5, 1.5, 1.6, 1.7, 1.9,, 2.0"
"FT","Baseline",7,1,2,10,"72.2.1","Female",153.33,337.18,39,72,"Glutamate","HNMPA",2,"1.5, 1.5, 1.6, 1.7, 1.9,, 2.0"
"FT","Baseline",8,1,2,20,"72.2.1","Female",153.33,337.18,39,72,"Glutamate","HNMPA",2,"1.5, 1.5, 1.6, 1.7, 1.9,, 2.0"
"FT","Baseline",9,1,2,30,"72.2.1","Female",153.33,337.18,39,72,"Glutamate","HNMPA",2,"1.5, 1.5, 1.6, 1.7, 1.9,, 2.0"
"FT","Baseline",10,1,2,40,"72.2.1","Female",153.33,337.18,39,72,"Glutamate","HNMPA",2,"1.5, 1.5, 1.6, 1.7, 1.9,, 2.0"
"FT","Insulin",1,0,0,-50,"72.2.1","Female",153.33,337.18,39,72,"Glutamate","HNMPA",2,"1.5, 1.5, 1.6, 1.7, 1.9,, 2.0"
"FT","Insulin",2,0,0,-40,"72.2.1","Female",153.33,337.18,39,72,"Glutamate","HNMPA",2,"1.5, 1.5, 1.6, 1.7, 1.9,, 2.0"
"FT","Insulin",3,0,0,-30,"72.2.1","Female",153.33,337.18,39,72,"Glutamate","HNMPA",2,"1.5, 1.5, 1.6, 1.7, 1.9,, 2.0"
"FT","Insulin",4,0,0,-20,"72.2.1","Female",153.33,337.18,39,72,"Glutamate","HNMPA",2,"1.5, 1.5, 1.6, 1.7, 1.9,, 2.0"
"FT","Insulin",5,0,0,-10,"72.2.1","Female",153.33,337.18,39,72,"Glutamate","HNMPA",2,"1.5, 1.5, 1.6, 1.7, 1.9,, 2.0"
"FT","Insulin",6,0,0,0,"72.2.1","Female",153.33,337.18,39,72,"Glutamate","HNMPA",2,"1.5, 1.5, 1.6, 1.7, 1.9,, 2.0"
"FT","Insulin",7,0,0,10,"72.2.1","Female",153.33,337.18,39,72,"Glutamate","HNMPA",2,"1.5, 1.5, 1.6, 1.7, 1.9,, 2.0"
"FT","Insulin",8,0,0,20,"72.2.1","Female",153.33,337.18,39,72,"Glutamate","HNMPA",2,"1.5, 1.5, 1.6, 1.7, 1.9,, 2.0"
"FT","Insulin",9,0,0,30,"72.2.1","Female",153.33,337.18,39,72,"Glutamate","HNMPA",2,"1.5, 1.5, 1.6, 1.7, 1.9,, 2.0"
"FT","Insulin",10,0,0,40,"72.2.1","Female",153.33,337.18,39,72,"Glutamate","HNMPA",2,"1.5, 1.5, 1.6, 1.7, 1.9,, 2.0"
"FX","Baseline",1,0,0,-50,"74.1.2","Female",234.69,495.5,28,74,"Glutamate","PPP",2,"1.8, 1.9, 2.1, 2.0, 2.3"
"FX","Baseline",2,0,0,-40,"74.1.2","Female",234.69,495.5,28,74,"Glutamate","PPP",2,"1.8, 1.9, 2.1, 2.0, 2.3"
"FX","Baseline",3,0,0,-30,"74.1.2","Female",234.69,495.5,28,74,"Glutamate","PPP",2,"1.8, 1.9, 2.1, 2.0, 2.3"
"FX","Baseline",4,0,0,-20,"74.1.2","Female",234.69,495.5,28,74,"Glutamate","PPP",2,"1.8, 1.9, 2.1, 2.0, 2.3"
"FX","Baseline",5,0,0,-10,"74.1.2","Female",234.69,495.5,28,74,"Glutamate","PPP",2,"1.8, 1.9, 2.1, 2.0, 2.3"
"FX","Baseline",6,0,0,0,"74.1.2","Female",234.69,495.5,28,74,"Glutamate","PPP",2,"1.8, 1.9, 2.1, 2.0, 2.3"
"FX","Baseline",7,3,6,10,"74.1.2","Female",234.69,495.5,28,74,"Glutamate","PPP",2,"1.8, 1.9, 2.1, 2.0, 2.3"
"FX","Baseline",8,7,14,20,"74.1.2","Female",234.69,495.5,28,74,"Glutamate","PPP",2,"1.8, 1.9, 2.1, 2.0, 2.3"
"FX","Baseline",9,10,20,30,"74.1.2","Female",234.69,495.5,28,74,"Glutamate","PPP",2,"1.8, 1.9, 2.1, 2.0, 2.3"
"FX","Baseline",10,12,24,40,"74.1.2","Female",234.69,495.5,28,74,"Glutamate","PPP",2,"1.8, 1.9, 2.1, 2.0, 2.3"
"FX","Insulin",1,0,0,-50,"74.1.2","Female",234.69,495.5,28,74,"Glutamate","PPP",2,"1.8, 1.9, 2.1, 2.0, 2.3"
"FX","Insulin",2,0,0,-40,"74.1.2","Female",234.69,495.5,28,74,"Glutamate","PPP",2,"1.8, 1.9, 2.1, 2.0, 2.3"
"FX","Insulin",3,0,0,-30,"74.1.2","Female",234.69,495.5,28,74,"Glutamate","PPP",2,"1.8, 1.9, 2.1, 2.0, 2.3"
"FX","Insulin",4,0,0,-20,"74.1.2","Female",234.69,495.5,28,74,"Glutamate","PPP",2,"1.8, 1.9, 2.1, 2.0, 2.3"
"FX","Insulin",5,1,2,-10,"74.1.2","Female",234.69,495.5,28,74,"Glutamate","PPP",2,"1.8, 1.9, 2.1, 2.0, 2.3"
"FX","Insulin",6,5,10,0,"74.1.2","Female",234.69,495.5,28,74,"Glutamate","PPP",2,"1.8, 1.9, 2.1, 2.0, 2.3"
"FX","Insulin",7,9,18,10,"74.1.2","Female",234.69,495.5,28,74,"Glutamate","PPP",2,"1.8, 1.9, 2.1, 2.0, 2.3"
"FX","Insulin",8,12,24,20,"74.1.2","Female",234.69,495.5,28,74,"Glutamate","PPP",2,"1.8, 1.9, 2.1, 2.0, 2.3"
"FX","Insulin",9,15,30,30,"74.1.2","Female",234.69,495.5,28,74,"Glutamate","PPP",2,"1.8, 1.9, 2.1, 2.0, 2.3"
"FX","Insulin",10,17,34,40,"74.1.2","Female",234.69,495.5,28,74,"Glutamate","PPP",2,"1.8, 1.9, 2.1, 2.0, 2.3"
"GF","Baseline",1,0,0,-50,"77.3.1","Female",217.23,323.55,36,77,"Glutamate","PPP",2,"1.6, 1.6, 1.7, 1.7, 1.8, 1.7"
"GF","Baseline",2,0,0,-40,"77.3.1","Female",217.23,323.55,36,77,"Glutamate","PPP",2,"1.6, 1.6, 1.7, 1.7, 1.8, 1.7"
"GF","Baseline",3,0,0,-30,"77.3.1","Female",217.23,323.55,36,77,"Glutamate","PPP",2,"1.6, 1.6, 1.7, 1.7, 1.8, 1.7"
"GF","Baseline",4,0,0,-20,"77.3.1","Female",217.23,323.55,36,77,"Glutamate","PPP",2,"1.6, 1.6, 1.7, 1.7, 1.8, 1.7"
"GF","Baseline",5,0,0,-10,"77.3.1","Female",217.23,323.55,36,77,"Glutamate","PPP",2,"1.6, 1.6, 1.7, 1.7, 1.8, 1.7"
"GF","Baseline",6,3,6,0,"77.3.1","Female",217.23,323.55,36,77,"Glutamate","PPP",2,"1.6, 1.6, 1.7, 1.7, 1.8, 1.7"
"GF","Baseline",7,4,8,10,"77.3.1","Female",217.23,323.55,36,77,"Glutamate","PPP",2,"1.6, 1.6, 1.7, 1.7, 1.8, 1.7"
"GF","Baseline",8,6,12,20,"77.3.1","Female",217.23,323.55,36,77,"Glutamate","PPP",2,"1.6, 1.6, 1.7, 1.7, 1.8, 1.7"
"GF","Baseline",9,8,16,30,"77.3.1","Female",217.23,323.55,36,77,"Glutamate","PPP",2,"1.6, 1.6, 1.7, 1.7, 1.8, 1.7"
"GF","Baseline",10,9,18,40,"77.3.1","Female",217.23,323.55,36,77,"Glutamate","PPP",2,"1.6, 1.6, 1.7, 1.7, 1.8, 1.7"
"GF","Insulin",1,0,0,-50,"77.3.1","Female",217.23,323.55,36,77,"Glutamate","PPP",2,"1.6, 1.6, 1.7, 1.7, 1.8, 1.7"
"GF","Insulin",2,0,0,-40,"77.3.1","Female",217.23,323.55,36,77,"Glutamate","PPP",2,"1.6, 1.6, 1.7, 1.7, 1.8, 1.7"
"GF","Insulin",3,0,0,-30,"77.3.1","Female",217.23,323.55,36,77,"Glutamate","PPP",2,"1.6, 1.6, 1.7, 1.7, 1.8, 1.7"
"GF","Insulin",4,0,0,-20,"77.3.1","Female",217.23,323.55,36,77,"Glutamate","PPP",2,"1.6, 1.6, 1.7, 1.7, 1.8, 1.7"
"GF","Insulin",5,0,0,-10,"77.3.1","Female",217.23,323.55,36,77,"Glutamate","PPP",2,"1.6, 1.6, 1.7, 1.7, 1.8, 1.7"
"GF","Insulin",6,2,4,0,"77.3.1","Female",217.23,323.55,36,77,"Glutamate","PPP",2,"1.6, 1.6, 1.7, 1.7, 1.8, 1.7"
"GF","Insulin",7,4,8,10,"77.3.1","Female",217.23,323.55,36,77,"Glutamate","PPP",2,"1.6, 1.6, 1.7, 1.7, 1.8, 1.7"
"GF","Insulin",8,6,12,20,"77.3.1","Female",217.23,323.55,36,77,"Glutamate","PPP",2,"1.6, 1.6, 1.7, 1.7, 1.8, 1.7"
"GF","Insulin",9,8,16,30,"77.3.1","Female",217.23,323.55,36,77,"Glutamate","PPP",2,"1.6, 1.6, 1.7, 1.7, 1.8, 1.7"
"GF","Insulin",10,9,18,40,"77.3.1","Female",217.23,323.55,36,77,"Glutamate","PPP",2,"1.6, 1.6, 1.7, 1.7, 1.8, 1.7"
"GI","Baseline",1,0,0,-50,"81.1.1","Female",235.96,284.23,28,81,"Glutamate","PPP",2,"1.3, 1.3, 1.3, 1.3, 1.4, 1.4"
"GI","Baseline",2,0,0,-40,"81.1.1","Female",235.96,284.23,28,81,"Glutamate","PPP",2,"1.3, 1.3, 1.3, 1.3, 1.4, 1.4"
"GI","Baseline",3,0,0,-30,"81.1.1","Female",235.96,284.23,28,81,"Glutamate","PPP",2,"1.3, 1.3, 1.3, 1.3, 1.4, 1.4"
"GI","Baseline",4,0,0,-20,"81.1.1","Female",235.96,284.23,28,81,"Glutamate","PPP",2,"1.3, 1.3, 1.3, 1.3, 1.4, 1.4"
"GI","Baseline",5,0,0,-10,"81.1.1","Female",235.96,284.23,28,81,"Glutamate","PPP",2,"1.3, 1.3, 1.3, 1.3, 1.4, 1.4"
"GI","Baseline",6,5,10,0,"81.1.1","Female",235.96,284.23,28,81,"Glutamate","PPP",2,"1.3, 1.3, 1.3, 1.3, 1.4, 1.4"
"GI","Baseline",7,6,12,10,"81.1.1","Female",235.96,284.23,28,81,"Glutamate","PPP",2,"1.3, 1.3, 1.3, 1.3, 1.4, 1.4"
"GI","Baseline",8,8,16,20,"81.1.1","Female",235.96,284.23,28,81,"Glutamate","PPP",2,"1.3, 1.3, 1.3, 1.3, 1.4, 1.4"
"GI","Baseline",9,10,20,30,"81.1.1","Female",235.96,284.23,28,81,"Glutamate","PPP",2,"1.3, 1.3, 1.3, 1.3, 1.4, 1.4"
"GI","Baseline",10,11,22,40,"81.1.1","Female",235.96,284.23,28,81,"Glutamate","PPP",2,"1.3, 1.3, 1.3, 1.3, 1.4, 1.4"
"GI","Insulin",1,0,0,-50,"81.1.1","Female",235.96,284.23,28,81,"Glutamate","PPP",2,"1.3, 1.3, 1.3, 1.3, 1.4, 1.4"
"GI","Insulin",2,0,0,-40,"81.1.1","Female",235.96,284.23,28,81,"Glutamate","PPP",2,"1.3, 1.3, 1.3, 1.3, 1.4, 1.4"
"GI","Insulin",3,0,0,-30,"81.1.1","Female",235.96,284.23,28,81,"Glutamate","PPP",2,"1.3, 1.3, 1.3, 1.3, 1.4, 1.4"
"GI","Insulin",4,0,0,-20,"81.1.1","Female",235.96,284.23,28,81,"Glutamate","PPP",2,"1.3, 1.3, 1.3, 1.3, 1.4, 1.4"
"GI","Insulin",5,2,4,-10,"81.1.1","Female",235.96,284.23,28,81,"Glutamate","PPP",2,"1.3, 1.3, 1.3, 1.3, 1.4, 1.4"
"GI","Insulin",6,2,4,0,"81.1.1","Female",235.96,284.23,28,81,"Glutamate","PPP",2,"1.3, 1.3, 1.3, 1.3, 1.4, 1.4"
"GI","Insulin",7,4,8,10,"81.1.1","Female",235.96,284.23,28,81,"Glutamate","PPP",2,"1.3, 1.3, 1.3, 1.3, 1.4, 1.4"
"GI","Insulin",8,5,10,20,"81.1.1","Female",235.96,284.23,28,81,"Glutamate","PPP",2,"1.3, 1.3, 1.3, 1.3, 1.4, 1.4"
"GI","Insulin",9,6,12,30,"81.1.1","Female",235.96,284.23,28,81,"Glutamate","PPP",2,"1.3, 1.3, 1.3, 1.3, 1.4, 1.4"
"GI","Insulin",10,7,14,40,"81.1.1","Female",235.96,284.23,28,81,"Glutamate","PPP",2,"1.3, 1.3, 1.3, 1.3, 1.4, 1.4"
"GR","Baseline",1,0,0,-50,"90.3.1","Male",313.5,415.97,34,90,"Glutamate","PPP",2,"1.3, 1.4, 1.5, 1.5, 1.6, 1.8"
"GR","Baseline",2,0,0,-40,"90.3.1","Male",313.5,415.97,34,90,"Glutamate","PPP",2,"1.3, 1.4, 1.5, 1.5, 1.6, 1.8"
"GR","Baseline",3,0,0,-30,"90.3.1","Male",313.5,415.97,34,90,"Glutamate","PPP",2,"1.3, 1.4, 1.5, 1.5, 1.6, 1.8"
"GR","Baseline",4,0,0,-20,"90.3.1","Male",313.5,415.97,34,90,"Glutamate","PPP",2,"1.3, 1.4, 1.5, 1.5, 1.6, 1.8"
"GR","Baseline",5,0,0,-10,"90.3.1","Male",313.5,415.97,34,90,"Glutamate","PPP",2,"1.3, 1.4, 1.5, 1.5, 1.6, 1.8"
"GR","Baseline",6,3,6,0,"90.3.1","Male",313.5,415.97,34,90,"Glutamate","PPP",2,"1.3, 1.4, 1.5, 1.5, 1.6, 1.8"
"GR","Baseline",7,4,8,10,"90.3.1","Male",313.5,415.97,34,90,"Glutamate","PPP",2,"1.3, 1.4, 1.5, 1.5, 1.6, 1.8"
"GR","Baseline",8,5,10,20,"90.3.1","Male",313.5,415.97,34,90,"Glutamate","PPP",2,"1.3, 1.4, 1.5, 1.5, 1.6, 1.8"
"GR","Baseline",9,6,12,30,"90.3.1","Male",313.5,415.97,34,90,"Glutamate","PPP",2,"1.3, 1.4, 1.5, 1.5, 1.6, 1.8"
"GR","Baseline",10,7,14,40,"90.3.1","Male",313.5,415.97,34,90,"Glutamate","PPP",2,"1.3, 1.4, 1.5, 1.5, 1.6, 1.8"
"GR","Insulin",1,0,0,-50,"90.3.1","Male",313.5,415.97,34,90,"Glutamate","PPP",2,"1.3, 1.4, 1.5, 1.5, 1.6, 1.8"
"GR","Insulin",2,0,0,-40,"90.3.1","Male",313.5,415.97,34,90,"Glutamate","PPP",2,"1.3, 1.4, 1.5, 1.5, 1.6, 1.8"
"GR","Insulin",3,0,0,-30,"90.3.1","Male",313.5,415.97,34,90,"Glutamate","PPP",2,"1.3, 1.4, 1.5, 1.5, 1.6, 1.8"
"GR","Insulin",4,0,0,-20,"90.3.1","Male",313.5,415.97,34,90,"Glutamate","PPP",2,"1.3, 1.4, 1.5, 1.5, 1.6, 1.8"
"GR","Insulin",5,0,0,-10,"90.3.1","Male",313.5,415.97,34,90,"Glutamate","PPP",2,"1.3, 1.4, 1.5, 1.5, 1.6, 1.8"
"GR","Insulin",6,0,0,0,"90.3.1","Male",313.5,415.97,34,90,"Glutamate","PPP",2,"1.3, 1.4, 1.5, 1.5, 1.6, 1.8"
"GR","Insulin",7,0,0,10,"90.3.1","Male",313.5,415.97,34,90,"Glutamate","PPP",2,"1.3, 1.4, 1.5, 1.5, 1.6, 1.8"
"GR","Insulin",8,0,0,20,"90.3.1","Male",313.5,415.97,34,90,"Glutamate","PPP",2,"1.3, 1.4, 1.5, 1.5, 1.6, 1.8"
"GR","Insulin",9,0,0,30,"90.3.1","Male",313.5,415.97,34,90,"Glutamate","PPP",2,"1.3, 1.4, 1.5, 1.5, 1.6, 1.8"
"GR","Insulin",10,0,0,40,"90.3.1","Male",313.5,415.97,34,90,"Glutamate","PPP",2,"1.3, 1.4, 1.5, 1.5, 1.6, 1.8"
"GX","Baseline",1,0,0,-50,"97.2.3","Male",NA,NA,33,97,"Glutamate","PPP_and_HNMPA",2,"1.6, 1.6, 1.7, 1.7, 1.8, 1.7"
"GX","Baseline",2,0,0,-40,"97.2.3","Male",NA,NA,33,97,"Glutamate","PPP_and_HNMPA",2,"1.6, 1.6, 1.7, 1.7, 1.8, 1.7"
"GX","Baseline",3,0,0,-30,"97.2.3","Male",NA,NA,33,97,"Glutamate","PPP_and_HNMPA",2,"1.6, 1.6, 1.7, 1.7, 1.8, 1.7"
"GX","Baseline",4,0,0,-20,"97.2.3","Male",NA,NA,33,97,"Glutamate","PPP_and_HNMPA",2,"1.6, 1.6, 1.7, 1.7, 1.8, 1.7"
"GX","Baseline",5,0,0,-10,"97.2.3","Male",NA,NA,33,97,"Glutamate","PPP_and_HNMPA",2,"1.6, 1.6, 1.7, 1.7, 1.8, 1.7"
"GX","Baseline",6,0,0,0,"97.2.3","Male",NA,NA,33,97,"Glutamate","PPP_and_HNMPA",2,"1.6, 1.6, 1.7, 1.7, 1.8, 1.7"
"GX","Baseline",7,3,6,10,"97.2.3","Male",NA,NA,33,97,"Glutamate","PPP_and_HNMPA",2,"1.6, 1.6, 1.7, 1.7, 1.8, 1.7"
"GX","Baseline",8,6,12,20,"97.2.3","Male",NA,NA,33,97,"Glutamate","PPP_and_HNMPA",2,"1.6, 1.6, 1.7, 1.7, 1.8, 1.7"
"GX","Baseline",9,9,18,30,"97.2.3","Male",NA,NA,33,97,"Glutamate","PPP_and_HNMPA",2,"1.6, 1.6, 1.7, 1.7, 1.8, 1.7"
"GX","Baseline",10,10,20,40,"97.2.3","Male",NA,NA,33,97,"Glutamate","PPP_and_HNMPA",2,"1.6, 1.6, 1.7, 1.7, 1.8, 1.7"
"GX","Insulin",1,0,0,-50,"97.2.3","Male",NA,NA,33,97,"Glutamate","PPP_and_HNMPA",2,"1.6, 1.6, 1.7, 1.7, 1.8, 1.7"
"GX","Insulin",2,0,0,-40,"97.2.3","Male",NA,NA,33,97,"Glutamate","PPP_and_HNMPA",2,"1.6, 1.6, 1.7, 1.7, 1.8, 1.7"
"GX","Insulin",3,0,0,-30,"97.2.3","Male",NA,NA,33,97,"Glutamate","PPP_and_HNMPA",2,"1.6, 1.6, 1.7, 1.7, 1.8, 1.7"
"GX","Insulin",4,0,0,-20,"97.2.3","Male",NA,NA,33,97,"Glutamate","PPP_and_HNMPA",2,"1.6, 1.6, 1.7, 1.7, 1.8, 1.7"
"GX","Insulin",5,0,0,-10,"97.2.3","Male",NA,NA,33,97,"Glutamate","PPP_and_HNMPA",2,"1.6, 1.6, 1.7, 1.7, 1.8, 1.7"
"GX","Insulin",6,0,0,0,"97.2.3","Male",NA,NA,33,97,"Glutamate","PPP_and_HNMPA",2,"1.6, 1.6, 1.7, 1.7, 1.8, 1.7"
"GX","Insulin",7,1,2,10,"97.2.3","Male",NA,NA,33,97,"Glutamate","PPP_and_HNMPA",2,"1.6, 1.6, 1.7, 1.7, 1.8, 1.7"
"GX","Insulin",8,1,2,20,"97.2.3","Male",NA,NA,33,97,"Glutamate","PPP_and_HNMPA",2,"1.6, 1.6, 1.7, 1.7, 1.8, 1.7"
"GX","Insulin",9,1,2,30,"97.2.3","Male",NA,NA,33,97,"Glutamate","PPP_and_HNMPA",2,"1.6, 1.6, 1.7, 1.7, 1.8, 1.7"
"GX","Insulin",10,2,4,40,"97.2.3","Male",NA,NA,33,97,"Glutamate","PPP_and_HNMPA",2,"1.6, 1.6, 1.7, 1.7, 1.8, 1.7"
"HB","Baseline",1,0,0,-50,"100.1.1","Male",133.2,590.25,39,100,"Glutamate","PPP_and_HNMPA",2,"2.2, 2.5, 2.5, 2.6, 2.6, 2.6"
"HB","Baseline",2,0,0,-40,"100.1.1","Male",133.2,590.25,39,100,"Glutamate","PPP_and_HNMPA",2,"2.2, 2.5, 2.5, 2.6, 2.6, 2.6"
"HB","Baseline",3,0,0,-30,"100.1.1","Male",133.2,590.25,39,100,"Glutamate","PPP_and_HNMPA",2,"2.2, 2.5, 2.5, 2.6, 2.6, 2.6"
"HB","Baseline",4,0,0,-20,"100.1.1","Male",133.2,590.25,39,100,"Glutamate","PPP_and_HNMPA",2,"2.2, 2.5, 2.5, 2.6, 2.6, 2.6"
"HB","Baseline",5,1,2,-10,"100.1.1","Male",133.2,590.25,39,100,"Glutamate","PPP_and_HNMPA",2,"2.2, 2.5, 2.5, 2.6, 2.6, 2.6"
"HB","Baseline",6,1,2,0,"100.1.1","Male",133.2,590.25,39,100,"Glutamate","PPP_and_HNMPA",2,"2.2, 2.5, 2.5, 2.6, 2.6, 2.6"
"HB","Baseline",7,4,8,10,"100.1.1","Male",133.2,590.25,39,100,"Glutamate","PPP_and_HNMPA",2,"2.2, 2.5, 2.5, 2.6, 2.6, 2.6"
"HB","Baseline",8,3,6,20,"100.1.1","Male",133.2,590.25,39,100,"Glutamate","PPP_and_HNMPA",2,"2.2, 2.5, 2.5, 2.6, 2.6, 2.6"
"HB","Baseline",9,5,10,30,"100.1.1","Male",133.2,590.25,39,100,"Glutamate","PPP_and_HNMPA",2,"2.2, 2.5, 2.5, 2.6, 2.6, 2.6"
"HB","Baseline",10,3,6,40,"100.1.1","Male",133.2,590.25,39,100,"Glutamate","PPP_and_HNMPA",2,"2.2, 2.5, 2.5, 2.6, 2.6, 2.6"
"HB","Insulin",1,0,0,-50,"100.1.1","Male",133.2,590.25,39,100,"Glutamate","PPP_and_HNMPA",2,"2.2, 2.5, 2.5, 2.6, 2.6, 2.6"
"HB","Insulin",2,0,0,-40,"100.1.1","Male",133.2,590.25,39,100,"Glutamate","PPP_and_HNMPA",2,"2.2, 2.5, 2.5, 2.6, 2.6, 2.6"
"HB","Insulin",3,0,0,-30,"100.1.1","Male",133.2,590.25,39,100,"Glutamate","PPP_and_HNMPA",2,"2.2, 2.5, 2.5, 2.6, 2.6, 2.6"
"HB","Insulin",4,0,0,-20,"100.1.1","Male",133.2,590.25,39,100,"Glutamate","PPP_and_HNMPA",2,"2.2, 2.5, 2.5, 2.6, 2.6, 2.6"
"HB","Insulin",5,0,0,-10,"100.1.1","Male",133.2,590.25,39,100,"Glutamate","PPP_and_HNMPA",2,"2.2, 2.5, 2.5, 2.6, 2.6, 2.6"
"HB","Insulin",6,0,0,0,"100.1.1","Male",133.2,590.25,39,100,"Glutamate","PPP_and_HNMPA",2,"2.2, 2.5, 2.5, 2.6, 2.6, 2.6"
"HB","Insulin",7,1,2,10,"100.1.1","Male",133.2,590.25,39,100,"Glutamate","PPP_and_HNMPA",2,"2.2, 2.5, 2.5, 2.6, 2.6, 2.6"
"HB","Insulin",8,1,2,20,"100.1.1","Male",133.2,590.25,39,100,"Glutamate","PPP_and_HNMPA",2,"2.2, 2.5, 2.5, 2.6, 2.6, 2.6"
"HB","Insulin",9,1,2,30,"100.1.1","Male",133.2,590.25,39,100,"Glutamate","PPP_and_HNMPA",2,"2.2, 2.5, 2.5, 2.6, 2.6, 2.6"
"HB","Insulin",10,1,2,40,"100.1.1","Male",133.2,590.25,39,100,"Glutamate","PPP_and_HNMPA",2,"2.2, 2.5, 2.5, 2.6, 2.6, 2.6"
"HC","Baseline",1,0,0,-50,"100.2.2","Male",172.54,576.26,39,100,"Glutamate","PPP_and_HNMPA",2,"1.4, 1.5, 1.6, 1.9, 1.8, 2.3"
"HC","Baseline",2,0,0,-40,"100.2.2","Male",172.54,576.26,39,100,"Glutamate","PPP_and_HNMPA",2,"1.4, 1.5, 1.6, 1.9, 1.8, 2.3"
"HC","Baseline",3,0,0,-30,"100.2.2","Male",172.54,576.26,39,100,"Glutamate","PPP_and_HNMPA",2,"1.4, 1.5, 1.6, 1.9, 1.8, 2.3"
"HC","Baseline",4,0,0,-20,"100.2.2","Male",172.54,576.26,39,100,"Glutamate","PPP_and_HNMPA",2,"1.4, 1.5, 1.6, 1.9, 1.8, 2.3"
"HC","Baseline",5,0,0,-10,"100.2.2","Male",172.54,576.26,39,100,"Glutamate","PPP_and_HNMPA",2,"1.4, 1.5, 1.6, 1.9, 1.8, 2.3"
"HC","Baseline",6,0,0,0,"100.2.2","Male",172.54,576.26,39,100,"Glutamate","PPP_and_HNMPA",2,"1.4, 1.5, 1.6, 1.9, 1.8, 2.3"
"HC","Baseline",7,1,2,10,"100.2.2","Male",172.54,576.26,39,100,"Glutamate","PPP_and_HNMPA",2,"1.4, 1.5, 1.6, 1.9, 1.8, 2.3"
"HC","Baseline",8,3,6,20,"100.2.2","Male",172.54,576.26,39,100,"Glutamate","PPP_and_HNMPA",2,"1.4, 1.5, 1.6, 1.9, 1.8, 2.3"
"HC","Baseline",9,3,6,30,"100.2.2","Male",172.54,576.26,39,100,"Glutamate","PPP_and_HNMPA",2,"1.4, 1.5, 1.6, 1.9, 1.8, 2.3"
"HC","Baseline",10,5,10,40,"100.2.2","Male",172.54,576.26,39,100,"Glutamate","PPP_and_HNMPA",2,"1.4, 1.5, 1.6, 1.9, 1.8, 2.3"
"HC","Insulin",2,0,0,-40,"100.2.2","Male",172.54,576.26,39,100,"Glutamate","PPP_and_HNMPA",2,"1.4, 1.5, 1.6, 1.9, 1.8, 2.3"
"HC","Insulin",3,0,0,-30,"100.2.2","Male",172.54,576.26,39,100,"Glutamate","PPP_and_HNMPA",2,"1.4, 1.5, 1.6, 1.9, 1.8, 2.3"
"HC","Insulin",4,0,0,-20,"100.2.2","Male",172.54,576.26,39,100,"Glutamate","PPP_and_HNMPA",2,"1.4, 1.5, 1.6, 1.9, 1.8, 2.3"
"HC","Insulin",1,0,0,-50,"100.2.2","Male",172.54,576.26,39,100,"Glutamate","PPP_and_HNMPA",2,"1.4, 1.5, 1.6, 1.9, 1.8, 2.3"
"HC","Insulin",6,0,0,0,"100.2.2","Male",172.54,576.26,39,100,"Glutamate","PPP_and_HNMPA",2,"1.4, 1.5, 1.6, 1.9, 1.8, 2.3"
"HC","Insulin",7,0,0,10,"100.2.2","Male",172.54,576.26,39,100,"Glutamate","PPP_and_HNMPA",2,"1.4, 1.5, 1.6, 1.9, 1.8, 2.3"
"HC","Insulin",8,0,0,20,"100.2.2","Male",172.54,576.26,39,100,"Glutamate","PPP_and_HNMPA",2,"1.4, 1.5, 1.6, 1.9, 1.8, 2.3"
"HC","Insulin",5,0,0,-10,"100.2.2","Male",172.54,576.26,39,100,"Glutamate","PPP_and_HNMPA",2,"1.4, 1.5, 1.6, 1.9, 1.8, 2.3"
"HC","Insulin",10,0,0,40,"100.2.2","Male",172.54,576.26,39,100,"Glutamate","PPP_and_HNMPA",2,"1.4, 1.5, 1.6, 1.9, 1.8, 2.3"
"HC","Insulin",9,0,0,30,"100.2.2","Male",172.54,576.26,39,100,"Glutamate","PPP_and_HNMPA",2,"1.4, 1.5, 1.6, 1.9, 1.8, 2.3"
"HN","Insulin",10,13,26,40,"109.1.1","Male",288.97,400.18,38,109,"Glutamate","PPP_and_HNMPA",2,"1.7, 1.7, 1.7, 1.7, 1.7, 1.7"
"HN","Baseline",7,7,14,10,"109.1.1","Male",288.97,400.18,38,109,"Glutamate","PPP_and_HNMPA",2,"1.7, 1.7, 1.7, 1.7, 1.7, 1.7"
"HN","Baseline",8,9,18,20,"109.1.1","Male",288.97,400.18,38,109,"Glutamate","PPP_and_HNMPA",2,"1.7, 1.7, 1.7, 1.7, 1.7, 1.7"
"HN","Baseline",10,11,22,40,"109.1.1","Male",288.97,400.18,38,109,"Glutamate","PPP_and_HNMPA",2,"1.7, 1.7, 1.7, 1.7, 1.7, 1.7"
"HN","Insulin",1,0,0,-50,"109.1.1","Male",288.97,400.18,38,109,"Glutamate","PPP_and_HNMPA",2,"1.7, 1.7, 1.7, 1.7, 1.7, 1.7"
"HN","Insulin",2,0,0,-40,"109.1.1","Male",288.97,400.18,38,109,"Glutamate","PPP_and_HNMPA",2,"1.7, 1.7, 1.7, 1.7, 1.7, 1.7"
"HN","Baseline",9,10,20,30,"109.1.1","Male",288.97,400.18,38,109,"Glutamate","PPP_and_HNMPA",2,"1.7, 1.7, 1.7, 1.7, 1.7, 1.7"
"HN","Baseline",1,0,0,-50,"109.1.1","Male",288.97,400.18,38,109,"Glutamate","PPP_and_HNMPA",2,"1.7, 1.7, 1.7, 1.7, 1.7, 1.7"
"HN","Baseline",2,0,0,-40,"109.1.1","Male",288.97,400.18,38,109,"Glutamate","PPP_and_HNMPA",2,"1.7, 1.7, 1.7, 1.7, 1.7, 1.7"
"HN","Baseline",3,0,0,-30,"109.1.1","Male",288.97,400.18,38,109,"Glutamate","PPP_and_HNMPA",2,"1.7, 1.7, 1.7, 1.7, 1.7, 1.7"
"HN","Baseline",4,0,0,-20,"109.1.1","Male",288.97,400.18,38,109,"Glutamate","PPP_and_HNMPA",2,"1.7, 1.7, 1.7, 1.7, 1.7, 1.7"
"HN","Baseline",5,3,6,-10,"109.1.1","Male",288.97,400.18,38,109,"Glutamate","PPP_and_HNMPA",2,"1.7, 1.7, 1.7, 1.7, 1.7, 1.7"
"HN","Baseline",6,5,10,0,"109.1.1","Male",288.97,400.18,38,109,"Glutamate","PPP_and_HNMPA",2,"1.7, 1.7, 1.7, 1.7, 1.7, 1.7"
"HN","Insulin",5,2,4,-10,"109.1.1","Male",288.97,400.18,38,109,"Glutamate","PPP_and_HNMPA",2,"1.7, 1.7, 1.7, 1.7, 1.7, 1.7"
"HN","Insulin",6,4,8,0,"109.1.1","Male",288.97,400.18,38,109,"Glutamate","PPP_and_HNMPA",2,"1.7, 1.7, 1.7, 1.7, 1.7, 1.7"
"HN","Insulin",3,0,0,-30,"109.1.1","Male",288.97,400.18,38,109,"Glutamate","PPP_and_HNMPA",2,"1.7, 1.7, 1.7, 1.7, 1.7, 1.7"
"HN","Insulin",4,0,0,-20,"109.1.1","Male",288.97,400.18,38,109,"Glutamate","PPP_and_HNMPA",2,"1.7, 1.7, 1.7, 1.7, 1.7, 1.7"
"HN","Insulin",9,11,22,30,"109.1.1","Male",288.97,400.18,38,109,"Glutamate","PPP_and_HNMPA",2,"1.7, 1.7, 1.7, 1.7, 1.7, 1.7"
"HN","Insulin",7,6,12,10,"109.1.1","Male",288.97,400.18,38,109,"Glutamate","PPP_and_HNMPA",2,"1.7, 1.7, 1.7, 1.7, 1.7, 1.7"
"HN","Insulin",8,9,18,20,"109.1.1","Male",288.97,400.18,38,109,"Glutamate","PPP_and_HNMPA",2,"1.7, 1.7, 1.7, 1.7, 1.7, 1.7"
"L","Baseline",1,0,0,-50,"8.5.2.1","Male",NA,NA,38,8.5,"Glutamate","Control",2,"1.4, 1.5, 1.5, 1.6, 1.6, 1.5"
"L","Baseline",2,0,0,-40,"8.5.2.1","Male",NA,NA,38,8.5,"Glutamate","Control",2,"1.4, 1.5, 1.5, 1.6, 1.6, 1.5"
"L","Baseline",3,0,0,-30,"8.5.2.1","Male",NA,NA,38,8.5,"Glutamate","Control",2,"1.4, 1.5, 1.5, 1.6, 1.6, 1.5"
"L","Baseline",4,0,0,-20,"8.5.2.1","Male",NA,NA,38,8.5,"Glutamate","Control",2,"1.4, 1.5, 1.5, 1.6, 1.6, 1.5"
"L","Baseline",5,3,6,-10,"8.5.2.1","Male",NA,NA,38,8.5,"Glutamate","Control",2,"1.4, 1.5, 1.5, 1.6, 1.6, 1.5"
"L","Baseline",6,3,6,0,"8.5.2.1","Male",NA,NA,38,8.5,"Glutamate","Control",2,"1.4, 1.5, 1.5, 1.6, 1.6, 1.5"
"L","Baseline",7,5,10,10,"8.5.2.1","Male",NA,NA,38,8.5,"Glutamate","Control",2,"1.4, 1.5, 1.5, 1.6, 1.6, 1.5"
"L","Baseline",8,8,16,20,"8.5.2.1","Male",NA,NA,38,8.5,"Glutamate","Control",2,"1.4, 1.5, 1.5, 1.6, 1.6, 1.5"
"L","Baseline",9,1,2,30,"8.5.2.1","Male",NA,NA,38,8.5,"Glutamate","Control",2,"1.4, 1.5, 1.5, 1.6, 1.6, 1.5"
"L","Baseline",10,0,0,40,"8.5.2.1","Male",NA,NA,38,8.5,"Glutamate","Control",2,"1.4, 1.5, 1.5, 1.6, 1.6, 1.5"
"L","Insulin",1,0,0,-50,"8.5.2.1","Male",NA,NA,38,8.5,"Glutamate","Control",2,"1.4, 1.5, 1.5, 1.6, 1.6, 1.5"
"L","Insulin",2,0,0,-40,"8.5.2.1","Male",NA,NA,38,8.5,"Glutamate","Control",2,"1.4, 1.5, 1.5, 1.6, 1.6, 1.5"
"L","Insulin",3,0,0,-30,"8.5.2.1","Male",NA,NA,38,8.5,"Glutamate","Control",2,"1.4, 1.5, 1.5, 1.6, 1.6, 1.5"
"L","Insulin",4,0,0,-20,"8.5.2.1","Male",NA,NA,38,8.5,"Glutamate","Control",2,"1.4, 1.5, 1.5, 1.6, 1.6, 1.5"
"L","Insulin",5,0,0,-10,"8.5.2.1","Male",NA,NA,38,8.5,"Glutamate","Control",2,"1.4, 1.5, 1.5, 1.6, 1.6, 1.5"
"L","Insulin",6,0,0,0,"8.5.2.1","Male",NA,NA,38,8.5,"Glutamate","Control",2,"1.4, 1.5, 1.5, 1.6, 1.6, 1.5"
"L","Insulin",7,0,0,10,"8.5.2.1","Male",NA,NA,38,8.5,"Glutamate","Control",2,"1.4, 1.5, 1.5, 1.6, 1.6, 1.5"
"L","Insulin",8,0,0,20,"8.5.2.1","Male",NA,NA,38,8.5,"Glutamate","Control",2,"1.4, 1.5, 1.5, 1.6, 1.6, 1.5"
"L","Insulin",9,1,2,30,"8.5.2.1","Male",NA,NA,38,8.5,"Glutamate","Control",2,"1.4, 1.5, 1.5, 1.6, 1.6, 1.5"
"L","Insulin",10,1,2,40,"8.5.2.1","Male",NA,NA,38,8.5,"Glutamate","Control",2,"1.4, 1.5, 1.5, 1.6, 1.6, 1.5"
